{
 "actions": [],
 "allow_rename": 1,
 "creation": "2023-07-31 15:10:29.287475",
 "default_view": "List",
 "doctype": "DocType",
 "editable_grid": 1,
 "engine": "InnoDB",
 "field_order": [
  "lesson",
  "lesson_title",
  "column_break_yikh",
  "date",
  "start_time",
  "end_time"
 ],
 "fields": [
  {
   "fieldname": "lesson",
   "fieldtype": "Link",
   "in_list_view": 1,
   "label": "Lesson",
   "options": "Course Lesson",
   "reqd": 1
  },
  {
   "fieldname": "start_time",
   "fieldtype": "Time",
   "in_list_view": 1,
   "label": "Start Time"
  },
  {
   "fieldname": "end_time",
   "fieldtype": "Time",
   "in_list_view": 1,
   "label": "End Time"
  },
  {
   "fieldname": "column_break_yikh",
   "fieldtype": "Column Break"
  },
  {
   "fieldname": "date",
   "fieldtype": "Date",
   "in_list_view": 1,
   "label": "Date",
   "reqd": 1
  },
  {
   "fetch_from": "lesson.title",
   "fieldname": "lesson_title",
   "fieldtype": "Data",
   "in_list_view": 1,
   "label": "Lesson Title"
  }
 ],
 "index_web_pages_for_search": 1,
 "istable": 1,
 "links": [],
 "modified": "2023-08-07 12:10:28.095018",
 "modified_by": "Administrator",
 "module": "LMS",
 "name": "Scheduled Flow",
 "owner": "Administrator",
 "permissions": [],
 "sort_field": "modified",
 "sort_order": "DESC",
 "states": []
}