{
 "accept_payment": 0,
 "allow_comments": 0,
 "allow_delete": 0,
 "allow_edit": 0,
 "allow_incomplete": 0,
 "allow_multiple": 0,
 "allow_print": 0,
 "amount": 0.0,
 "amount_based_on_field": 0,
 "apply_document_permissions": 0,
 "button_label": "Save",
 "creation": "2021-04-20 11:37:49.135114",
 "custom_css": ".datepicker.active {\n    background-color: white;\n}\n\n[data-doctype=\"Web Form\"] {\n    max-width: 720px;\n    margin: 6rem auto;\n}",
 "doc_type": "LMS Batch Old",
 "docstatus": 0,
 "doctype": "Web Form",
 "idx": 0,
 "is_standard": 1,
 "login_required": 1,
 "max_attachment_size": 0,
 "modified": "2021-06-15 18:49:50.530002",
 "modified_by": "Administrator",
 "module": "LMS",
 "name": "add-a-new-batch",
 "owner": "Administrator",
 "payment_button_label": "Buy Now",
 "published": 1,
 "route": "add-a-new-batch",
 "route_to_success_link": 0,
 "show_attachments": 0,
 "show_in_grid": 0,
 "show_sidebar": 0,
 "sidebar_items": [],
 "success_url": "/add-a-new-batch",
 "title": "Add a new batch",
 "web_form_fields": [
  {
   "allow_read_on_all_link_options": 0,
   "fieldname": "course",
   "fieldtype": "Data",
   "hidden": 1,
   "label": "Course",
   "max_length": 0,
   "max_value": 0,
   "options": "LMS Course",
   "read_only": 0,
   "reqd": 0,
   "show_in_filter": 0
  },
  {
   "allow_read_on_all_link_options": 0,
   "fieldname": "title",
   "fieldtype": "Data",
   "hidden": 0,
   "label": "Title",
   "max_length": 0,
   "max_value": 0,
   "read_only": 0,
   "reqd": 1,
   "show_in_filter": 0
  },
  {
   "allow_read_on_all_link_options": 0,
   "fieldname": "start_date",
   "fieldtype": "Date",
   "hidden": 0,
   "label": "Start Date",
   "max_length": 0,
   "max_value": 0,
   "read_only": 0,
   "reqd": 1,
   "show_in_filter": 0
  },
  {
   "allow_read_on_all_link_options": 0,
   "description": "",
   "fieldname": "sessions_on",
   "fieldtype": "Data",
   "hidden": 0,
   "label": "Sessions On Days",
   "max_length": 0,
   "max_value": 0,
   "options": "",
   "read_only": 0,
   "reqd": 1,
   "show_in_filter": 0
  },
  {
   "allow_read_on_all_link_options": 0,
   "fieldname": "start_time",
   "fieldtype": "Data",
   "hidden": 0,
   "label": "Start Time",
   "max_length": 0,
   "max_value": 0,
   "read_only": 0,
   "reqd": 1,
   "show_in_filter": 0
  },
  {
   "allow_read_on_all_link_options": 0,
   "fieldname": "end_time",
   "fieldtype": "Data",
   "hidden": 0,
   "label": "End Time",
   "max_length": 0,
   "max_value": 0,
   "read_only": 0,
   "reqd": 1,
   "show_in_filter": 0
  }
 ]
}