{
 "__islocal": true,
 "__unsaved": 1,
 "creation": "2024-06-17 00:39:23.948378",
 "docstatus": 0,
 "doctype": "Web Template",
 "fields": [
  {
   "__islocal": 1,
   "__unsaved": 1,
   "fieldname": "title",
   "fieldtype": "Data",
   "label": "Title",
   "reqd": 0
  },
  {
   "__islocal": 1,
   "__unsaved": 1,
   "fieldname": "subtitle",
   "fieldtype": "Data",
   "label": "Subtitle",
   "reqd": 0
  },
  {
   "__islocal": 1,
   "__unsaved": 1,
   "fieldname": "courses_count",
   "fieldtype": "Data",
   "label": "Count of courses to display",
   "reqd": 0
  }
 ],
 "idx": 0,
 "modified": "2024-06-17 00:39:23.948378",
 "modified_by": "Administrator",
 "module": "LMS",
 "name": "Recently Published Courses",
 "owner": "Administrator",
 "standard": 1,
 "template": "",
 "type": "Section"
}