{
 "actions": [],
 "autoname": "hash",
 "creation": "2021-07-27 16:25:48.269536",
 "doctype": "DocType",
 "editable_grid": 1,
 "engine": "InnoDB",
 "field_order": [
  "lesson"
 ],
 "fields": [
  {
   "fieldname": "lesson",
   "fieldtype": "Link",
   "in_list_view": 1,
   "label": "Lesson",
   "options": "Course Lesson",
   "reqd": 1
  }
 ],
 "index_web_pages_for_search": 1,
 "istable": 1,
 "links": [],
 "modified": "2022-03-15 09:39:29.495991",
 "modified_by": "Administrator",
 "module": "LMS",
 "name": "Lesson Reference",
 "naming_rule": "Random",
 "owner": "Administrator",
 "permissions": [],
 "sort_field": "modified",
 "sort_order": "DESC",
 "states": [],
 "track_changes": 1
}