{
 "actions": [],
 "allow_rename": 1,
 "autoname": "hash",
 "creation": "2021-12-07 12:17:49.571045",
 "doctype": "DocType",
 "editable_grid": 1,
 "engine": "InnoDB",
 "field_order": [
  "title",
  "company",
  "location",
  "description",
  "column_break_4",
  "current",
  "from_date",
  "to_date"
 ],
 "fields": [
  {
   "fieldname": "title",
   "fieldtype": "Data",
   "in_list_view": 1,
   "label": "Title",
   "reqd": 1
  },
  {
   "fieldname": "company",
   "fieldtype": "Data",
   "in_list_view": 1,
   "label": "Company",
   "reqd": 1
  },
  {
   "fieldname": "location",
   "fieldtype": "Data",
   "in_list_view": 1,
   "label": "Location",
   "reqd": 1
  },
  {
   "fieldname": "from_date",
   "fieldtype": "Date",
   "in_list_view": 1,
   "label": "From Date",
   "reqd": 1
  },
  {
   "depends_on": "eval: !doc.current",
   "fieldname": "to_date",
   "fieldtype": "Date",
   "in_list_view": 1,
   "label": "To Date",
   "mandatory_depends_on": "eval: !doc.current"
  },
  {
   "fieldname": "description",
   "fieldtype": "Small Text",
   "label": "Description"
  },
  {
   "default": "0",
   "fieldname": "current",
   "fieldtype": "Check",
   "in_list_view": 1,
   "label": "I am currently working here"
  },
  {
   "fieldname": "column_break_4",
   "fieldtype": "Column Break"
  }
 ],
 "index_web_pages_for_search": 1,
 "istable": 1,
 "links": [],
 "modified": "2023-06-19 10:47:42.739249",
 "modified_by": "Administrator",
 "module": "LMS",
 "name": "Work Experience",
 "naming_rule": "Random",
 "owner": "Administrator",
 "permissions": [],
 "sort_field": "modified",
 "sort_order": "DESC",
 "states": []
}