[
    {
        "allow_in_quick_entry": 0,
        "allow_on_submit": 0,
        "bold": 0,
        "collapsible": 0,
        "collapsible_depends_on": null,
        "columns": 0,
        "default": null,
        "depends_on": null,
        "description": null,
        "docstatus": 0,
        "doctype": "Custom Field",
        "dt": "User",
        "fetch_from": null,
        "fetch_if_empty": 0,
        "fieldname": "country",
        "fieldtype": "Link",
        "hidden": 0,
        "hide_border": 0,
        "hide_days": 0,
        "hide_seconds": 0,
        "ignore_user_permissions": 0,
        "ignore_xss_filter": 0,
        "in_global_search": 0,
        "in_list_view": 0,
        "in_preview": 0,
        "in_standard_filter": 0,
        "insert_after": "username",
        "is_system_generated": 1,
        "is_virtual": 0,
        "label": "Country",
        "length": 0,
        "mandatory_depends_on": null,
        "modified": "2021-12-31 19:14:11.571754",
        "module": null,
        "name": "User-country",
        "no_copy": 0,
        "non_negative": 0,
        "options": "Country",
        "permlevel": 0,
        "precision": "",
        "print_hide": 0,
        "print_hide_if_no_value": 0,
        "print_width": null,
        "read_only": 0,
        "read_only_depends_on": null,
        "report_hide": 0,
        "reqd": 0,
        "search_index": 0,
        "translatable": 0,
        "unique": 0,
        "width": null
    },
    {
        "allow_in_quick_entry": 0,
        "allow_on_submit": 0,
        "bold": 0,
        "collapsible": 0,
        "collapsible_depends_on": null,
        "columns": 0,
        "default": null,
        "depends_on": null,
        "description": null,
        "docstatus": 0,
        "doctype": "Custom Field",
        "dt": "User",
        "fetch_from": null,
        "fetch_if_empty": 0,
        "fieldname": "verify_terms",
        "fieldtype": "Check",
        "hidden": 0,
        "hide_border": 0,
        "hide_days": 0,
        "hide_seconds": 0,
        "ignore_user_permissions": 0,
        "ignore_xss_filter": 0,
        "in_global_search": 0,
        "in_list_view": 0,
        "in_preview": 0,
        "in_standard_filter": 0,
        "insert_after": "country",
        "is_system_generated": 0,
        "is_virtual": 0,
        "label": "Acceptance for Terms and/or Policies",
        "length": 0,
        "mandatory_depends_on": null,
        "modified": "2021-12-31 19:15:34.932911",
        "module": null,
        "name": "User-verify_terms",
        "no_copy": 0,
        "non_negative": 0,
        "options": null,
        "permlevel": 0,
        "precision": "",
        "print_hide": 0,
        "print_hide_if_no_value": 0,
        "print_width": null,
        "read_only": 0,
        "read_only_depends_on": null,
        "report_hide": 0,
        "reqd": 0,
        "search_index": 0,
        "translatable": 0,
        "unique": 0,
        "width": null
    },
    {
        "allow_in_quick_entry": 0,
        "allow_on_submit": 0,
        "bold": 0,
        "collapsible": 0,
        "collapsible_depends_on": null,
        "columns": 0,
        "default": null,
        "depends_on": null,
        "description": null,
        "docstatus": 0,
        "doctype": "Custom Field",
        "dt": "User",
        "fetch_from": null,
        "fetch_if_empty": 0,
        "fieldname": "user_category",
        "fieldtype": "Select",
        "hidden": 0,
        "hide_border": 0,
        "hide_days": 0,
        "hide_seconds": 0,
        "ignore_user_permissions": 0,
        "ignore_xss_filter": 0,
        "in_global_search": 0,
        "in_list_view": 0,
        "in_preview": 0,
        "in_standard_filter": 0,
        "insert_after": "time_zone",
        "is_system_generated": 0,
        "is_virtual": 0,
        "label": "User Category",
        "length": 0,
        "mandatory_depends_on": null,
        "modified": "2022-04-19 13:02:18.219510",
        "module": "LMS",
        "name": "User-user_category",
        "no_copy": 0,
        "non_negative": 0,
        "options": "\nBusiness Owner\nManager (Sales/Marketing/Customer)\nEmployee\nStudent\nFreelancer/Just looking\nOthers",
        "permlevel": 0,
        "precision": "",
        "print_hide": 0,
        "print_hide_if_no_value": 0,
        "print_width": null,
        "read_only": 0,
        "read_only_depends_on": null,
        "report_hide": 0,
        "reqd": 0,
        "search_index": 0,
        "translatable": 1,
        "unique": 0,
        "width": null
    },
    {
        "allow_in_quick_entry": 0,
        "allow_on_submit": 0,
        "bold": 0,
        "collapsible": 0,
        "collapsible_depends_on": null,
        "columns": 0,
        "default": null,
        "depends_on": null,
        "description": null,
        "docstatus": 0,
        "doctype": "Custom Field",
        "dt": "User",
        "fetch_from": null,
        "fetch_if_empty": 0,
        "fieldname": "college",
        "fieldtype": "Data",
        "hidden": 0,
        "hide_border": 0,
        "hide_days": 0,
        "hide_seconds": 0,
        "ignore_user_permissions": 0,
        "ignore_xss_filter": 0,
        "in_global_search": 0,
        "in_list_view": 0,
        "in_preview": 0,
        "in_standard_filter": 0,
        "insert_after": "desk_theme",
        "is_system_generated": 1,
        "is_virtual": 0,
        "label": "College Name",
        "length": 0,
        "mandatory_depends_on": null,
        "modified": "2022-01-12 16:37:25.418147",
        "module": null,
        "name": "User-college",
        "no_copy": 0,
        "non_negative": 0,
        "options": null,
        "permlevel": 0,
        "precision": "",
        "print_hide": 0,
        "print_hide_if_no_value": 0,
        "print_width": null,
        "read_only": 0,
        "read_only_depends_on": null,
        "report_hide": 0,
        "reqd": 0,
        "search_index": 0,
        "translatable": 1,
        "unique": 0,
        "width": null
    },
    {
        "allow_in_quick_entry": 0,
        "allow_on_submit": 0,
        "bold": 0,
        "collapsible": 0,
        "collapsible_depends_on": null,
        "columns": 0,
        "default": null,
        "depends_on": null,
        "description": null,
        "docstatus": 0,
        "doctype": "Custom Field",
        "dt": "User",
        "fetch_from": null,
        "fetch_if_empty": 0,
        "fieldname": "branch",
        "fieldtype": "Data",
        "hidden": 0,
        "hide_border": 0,
        "hide_days": 0,
        "hide_seconds": 0,
        "ignore_user_permissions": 0,
        "ignore_xss_filter": 0,
        "in_global_search": 0,
        "in_list_view": 0,
        "in_preview": 0,
        "in_standard_filter": 0,
        "insert_after": "college",
        "is_system_generated": 1,
        "is_virtual": 0,
        "label": "Branch",
        "length": 0,
        "mandatory_depends_on": null,
        "modified": "2021-12-31 14:46:55.834145",
        "module": null,
        "name": "User-branch",
        "no_copy": 0,
        "non_negative": 0,
        "options": null,
        "permlevel": 0,
        "precision": "",
        "print_hide": 0,
        "print_hide_if_no_value": 0,
        "print_width": null,
        "read_only": 0,
        "read_only_depends_on": null,
        "report_hide": 0,
        "reqd": 0,
        "search_index": 0,
        "translatable": 1,
        "unique": 0,
        "width": null
    },
    {
        "allow_in_quick_entry": 0,
        "allow_on_submit": 0,
        "bold": 0,
        "collapsible": 0,
        "collapsible_depends_on": null,
        "columns": 0,
        "default": null,
        "depends_on": null,
        "description": null,
        "docstatus": 0,
        "doctype": "Custom Field",
        "dt": "User",
        "fetch_from": null,
        "fetch_if_empty": 0,
        "fieldname": "headline",
        "fieldtype": "Data",
        "hidden": 0,
        "hide_border": 0,
        "hide_days": 0,
        "hide_seconds": 0,
        "ignore_user_permissions": 0,
        "ignore_xss_filter": 0,
        "in_global_search": 0,
        "in_list_view": 0,
        "in_preview": 0,
        "in_standard_filter": 0,
        "insert_after": "mute_sounds",
        "is_system_generated": 1,
        "is_virtual": 0,
        "label": "Headline",
        "length": 0,
        "mandatory_depends_on": null,
        "modified": "2022-02-23 17:37:11.025946",
        "module": "",
        "name": "User-headline",
        "no_copy": 0,
        "non_negative": 0,
        "options": null,
        "permlevel": 0,
        "precision": "",
        "print_hide": 0,
        "print_hide_if_no_value": 0,
        "print_width": null,
        "read_only": 0,
        "read_only_depends_on": null,
        "report_hide": 0,
        "reqd": 0,
        "search_index": 0,
        "translatable": 1,
        "unique": 0,
        "width": null
    },
    {
        "allow_in_quick_entry": 0,
        "allow_on_submit": 0,
        "bold": 0,
        "collapsible": 0,
        "collapsible_depends_on": null,
        "columns": 0,
        "default": null,
        "depends_on": null,
        "description": null,
        "docstatus": 0,
        "doctype": "Custom Field",
        "dt": "User",
        "fetch_from": null,
        "fetch_if_empty": 0,
        "fieldname": "city",
        "fieldtype": "Data",
        "hidden": 0,
        "hide_border": 0,
        "hide_days": 0,
        "hide_seconds": 0,
        "ignore_user_permissions": 0,
        "ignore_xss_filter": 0,
        "in_global_search": 0,
        "in_list_view": 0,
        "in_preview": 0,
        "in_standard_filter": 0,
        "insert_after": "headline",
        "is_system_generated": 1,
        "is_virtual": 0,
        "label": "City",
        "length": 0,
        "mandatory_depends_on": null,
        "modified": "2022-01-12 16:37:13.419068",
        "module": null,
        "name": "User-city",
        "no_copy": 0,
        "non_negative": 0,
        "options": null,
        "permlevel": 0,
        "precision": "",
        "print_hide": 0,
        "print_hide_if_no_value": 0,
        "print_width": null,
        "read_only": 0,
        "read_only_depends_on": null,
        "report_hide": 0,
        "reqd": 0,
        "search_index": 0,
        "translatable": 1,
        "unique": 0,
        "width": null
    },
    {
        "allow_in_quick_entry": 0,
        "allow_on_submit": 0,
        "bold": 0,
        "collapsible": 0,
        "collapsible_depends_on": null,
        "columns": 0,
        "default": null,
        "depends_on": null,
        "description": null,
        "docstatus": 0,
        "doctype": "Custom Field",
        "dt": "User",
        "fetch_from": null,
        "fetch_if_empty": 0,
        "fieldname": "linkedin",
        "fieldtype": "Data",
        "hidden": 0,
        "hide_border": 0,
        "hide_days": 0,
        "hide_seconds": 0,
        "ignore_user_permissions": 0,
        "ignore_xss_filter": 0,
        "in_global_search": 0,
        "in_list_view": 0,
        "in_preview": 0,
        "in_standard_filter": 0,
        "insert_after": "mobile_no",
        "is_system_generated": 1,
        "is_virtual": 0,
        "label": "LinkedIn ID",
        "length": 0,
        "mandatory_depends_on": null,
        "modified": "2021-12-31 14:46:55.834145",
        "module": null,
        "name": "User-linkedin",
        "no_copy": 0,
        "non_negative": 0,
        "options": null,
        "permlevel": 0,
        "precision": "",
        "print_hide": 0,
        "print_hide_if_no_value": 0,
        "print_width": null,
        "read_only": 0,
        "read_only_depends_on": null,
        "report_hide": 0,
        "reqd": 0,
        "search_index": 0,
        "translatable": 1,
        "unique": 0,
        "width": null
    },
    {
        "allow_in_quick_entry": 0,
        "allow_on_submit": 0,
        "bold": 0,
        "collapsible": 0,
        "collapsible_depends_on": null,
        "columns": 0,
        "default": null,
        "depends_on": null,
        "description": null,
        "docstatus": 0,
        "doctype": "Custom Field",
        "dt": "User",
        "fetch_from": null,
        "fetch_if_empty": 0,
        "fieldname": "github",
        "fieldtype": "Data",
        "hidden": 0,
        "hide_border": 0,
        "hide_days": 0,
        "hide_seconds": 0,
        "ignore_user_permissions": 0,
        "ignore_xss_filter": 0,
        "in_global_search": 0,
        "in_list_view": 0,
        "in_preview": 0,
        "in_standard_filter": 0,
        "insert_after": "linkedin",
        "is_system_generated": 1,
        "is_virtual": 0,
        "label": "Github ID",
        "length": 0,
        "mandatory_depends_on": null,
        "modified": "2021-12-31 14:46:55.834145",
        "module": null,
        "name": "User-github",
        "no_copy": 0,
        "non_negative": 0,
        "options": null,
        "permlevel": 0,
        "precision": "",
        "print_hide": 0,
        "print_hide_if_no_value": 0,
        "print_width": null,
        "read_only": 0,
        "read_only_depends_on": null,
        "report_hide": 0,
        "reqd": 0,
        "search_index": 0,
        "translatable": 1,
        "unique": 0,
        "width": null
    },
    {
        "allow_in_quick_entry": 0,
        "allow_on_submit": 0,
        "bold": 0,
        "collapsible": 0,
        "collapsible_depends_on": null,
        "columns": 0,
        "default": null,
        "depends_on": null,
        "description": null,
        "docstatus": 0,
        "doctype": "Custom Field",
        "dt": "User",
        "fetch_from": null,
        "fetch_if_empty": 0,
        "fieldname": "medium",
        "fieldtype": "Data",
        "hidden": 0,
        "hide_border": 0,
        "hide_days": 0,
        "hide_seconds": 0,
        "ignore_user_permissions": 0,
        "ignore_xss_filter": 0,
        "in_global_search": 0,
        "in_list_view": 0,
        "in_preview": 0,
        "in_standard_filter": 0,
        "insert_after": "github",
        "is_system_generated": 1,
        "is_virtual": 0,
        "label": "Medium ID",
        "length": 0,
        "mandatory_depends_on": null,
        "modified": "2021-12-31 14:46:55.834145",
        "module": null,
        "name": "User-medium",
        "no_copy": 0,
        "non_negative": 0,
        "options": null,
        "permlevel": 0,
        "precision": "",
        "print_hide": 0,
        "print_hide_if_no_value": 0,
        "print_width": null,
        "read_only": 0,
        "read_only_depends_on": null,
        "report_hide": 0,
        "reqd": 0,
        "search_index": 0,
        "translatable": 1,
        "unique": 0,
        "width": null
    },
    {
        "allow_in_quick_entry": 0,
        "allow_on_submit": 0,
        "bold": 0,
        "collapsible": 0,
        "collapsible_depends_on": null,
        "columns": 0,
        "default": null,
        "depends_on": null,
        "description": null,
        "docstatus": 0,
        "doctype": "Custom Field",
        "dt": "User",
        "fetch_from": null,
        "fetch_if_empty": 0,
        "fieldname": "profession",
        "fieldtype": "Data",
        "hidden": 0,
        "hide_border": 0,
        "hide_days": 0,
        "hide_seconds": 0,
        "ignore_user_permissions": 0,
        "ignore_xss_filter": 0,
        "in_global_search": 0,
        "in_list_view": 0,
        "in_preview": 0,
        "in_standard_filter": 0,
        "insert_after": "medium",
        "is_system_generated": 1,
        "is_virtual": 0,
        "label": "Profession",
        "length": 0,
        "mandatory_depends_on": null,
        "modified": "2021-12-31 14:46:55.834145",
        "module": null,
        "name": "User-profession",
        "no_copy": 0,
        "non_negative": 0,
        "options": null,
        "permlevel": 0,
        "precision": "",
        "print_hide": 0,
        "print_hide_if_no_value": 0,
        "print_width": null,
        "read_only": 0,
        "read_only_depends_on": null,
        "report_hide": 0,
        "reqd": 0,
        "search_index": 0,
        "translatable": 1,
        "unique": 0,
        "width": null
    },
    {
        "allow_in_quick_entry": 0,
        "allow_on_submit": 0,
        "bold": 0,
        "collapsible": 0,
        "collapsible_depends_on": null,
        "columns": 0,
        "default": null,
        "depends_on": null,
        "description": null,
        "docstatus": 0,
        "doctype": "Custom Field",
        "dt": "User",
        "fetch_from": null,
        "fetch_if_empty": 0,
        "fieldname": "education_details",
        "fieldtype": "Section Break",
        "hidden": 0,
        "hide_border": 0,
        "hide_days": 0,
        "hide_seconds": 0,
        "ignore_user_permissions": 0,
        "ignore_xss_filter": 0,
        "in_global_search": 0,
        "in_list_view": 0,
        "in_preview": 0,
        "in_standard_filter": 0,
        "insert_after": "hide_private",
        "is_system_generated": 1,
        "is_virtual": 0,
        "label": "Education Details",
        "length": 0,
        "mandatory_depends_on": null,
        "modified": "2021-12-31 11:57:55.170620",
        "module": null,
        "name": "User-education_details",
        "no_copy": 0,
        "non_negative": 0,
        "options": null,
        "permlevel": 0,
        "precision": "",
        "print_hide": 0,
        "print_hide_if_no_value": 0,
        "print_width": null,
        "read_only": 0,
        "read_only_depends_on": null,
        "report_hide": 0,
        "reqd": 0,
        "search_index": 0,
        "translatable": 0,
        "unique": 0,
        "width": null
    },
    {
        "allow_in_quick_entry": 0,
        "allow_on_submit": 0,
        "bold": 0,
        "collapsible": 0,
        "collapsible_depends_on": null,
        "columns": 0,
        "default": null,
        "depends_on": null,
        "description": "",
        "docstatus": 0,
        "doctype": "Custom Field",
        "dt": "User",
        "fetch_from": null,
        "fetch_if_empty": 0,
        "fieldname": "profile_complete",
        "fieldtype": "Check",
        "hidden": 0,
        "hide_border": 0,
        "hide_days": 0,
        "hide_seconds": 0,
        "ignore_user_permissions": 0,
        "ignore_xss_filter": 0,
        "in_global_search": 0,
        "in_list_view": 0,
        "in_preview": 0,
        "in_standard_filter": 0,
        "insert_after": "bio",
        "is_system_generated": 1,
        "is_virtual": 0,
        "label": "Profile Complete",
        "length": 0,
        "mandatory_depends_on": null,
        "modified": "2021-12-31 11:00:13.792809",
        "module": null,
        "name": "User-profile_complete",
        "no_copy": 0,
        "non_negative": 0,
        "options": null,
        "permlevel": 0,
        "precision": "",
        "print_hide": 0,
        "print_hide_if_no_value": 0,
        "print_width": null,
        "read_only": 0,
        "read_only_depends_on": null,
        "report_hide": 0,
        "reqd": 0,
        "search_index": 0,
        "translatable": 0,
        "unique": 0,
        "width": null
    },
    {
        "allow_in_quick_entry": 0,
        "allow_on_submit": 0,
        "bold": 0,
        "collapsible": 0,
        "collapsible_depends_on": null,
        "columns": 0,
        "default": null,
        "depends_on": null,
        "description": "Private Information includes your Grade and Work Environment Preferences",
        "docstatus": 0,
        "doctype": "Custom Field",
        "dt": "User",
        "fetch_from": null,
        "fetch_if_empty": 0,
        "fieldname": "hide_private",
        "fieldtype": "Check",
        "hidden": 0,
        "hide_border": 0,
        "hide_days": 0,
        "hide_seconds": 0,
        "ignore_user_permissions": 0,
        "ignore_xss_filter": 0,
        "in_global_search": 0,
        "in_list_view": 0,
        "in_preview": 0,
        "in_standard_filter": 0,
        "insert_after": "profession",
        "is_system_generated": 0,
        "is_virtual": 0,
        "label": "Hide my Private Information from others",
        "length": 0,
        "mandatory_depends_on": null,
        "modified": "2021-12-31 11:57:47.942969",
        "module": null,
        "name": "User-hide_my_private_information_from_others",
        "no_copy": 0,
        "non_negative": 0,
        "options": null,
        "permlevel": 0,
        "precision": "",
        "print_hide": 0,
        "print_hide_if_no_value": 0,
        "print_width": null,
        "read_only": 0,
        "read_only_depends_on": null,
        "report_hide": 0,
        "reqd": 0,
        "search_index": 0,
        "translatable": 0,
        "unique": 0,
        "width": null
    },
    {
        "allow_in_quick_entry": 0,
        "allow_on_submit": 0,
        "bold": 0,
        "collapsible": 0,
        "collapsible_depends_on": null,
        "columns": 0,
        "default": null,
        "depends_on": null,
        "description": "",
        "docstatus": 0,
        "doctype": "Custom Field",
        "dt": "User",
        "fetch_from": null,
        "fetch_if_empty": 0,
        "fieldname": "cover_image",
        "fieldtype": "Attach Image",
        "hidden": 0,
        "hide_border": 0,
        "hide_days": 0,
        "hide_seconds": 0,
        "ignore_user_permissions": 0,
        "ignore_xss_filter": 0,
        "in_global_search": 0,
        "in_list_view": 0,
        "in_preview": 0,
        "in_standard_filter": 0,
        "insert_after": "user_category",
        "is_system_generated": 1,
        "is_virtual": 0,
        "label": "Cover Image",
        "length": 0,
        "mandatory_depends_on": null,
        "modified": "2021-12-31 10:59:52.682115",
        "module": null,
        "name": "User-cover_image",
        "no_copy": 0,
        "non_negative": 0,
        "options": null,
        "permlevel": 0,
        "precision": "",
        "print_hide": 0,
        "print_hide_if_no_value": 0,
        "print_width": null,
        "read_only": 0,
        "read_only_depends_on": null,
        "report_hide": 0,
        "reqd": 0,
        "search_index": 0,
        "translatable": 0,
        "unique": 0,
        "width": null
    },
    {
        "allow_in_quick_entry": 0,
        "allow_on_submit": 0,
        "bold": 0,
        "collapsible": 0,
        "collapsible_depends_on": null,
        "columns": 0,
        "default": null,
        "depends_on": null,
        "description": null,
        "docstatus": 0,
        "doctype": "Custom Field",
        "dt": "User",
        "fetch_from": null,
        "fetch_if_empty": 0,
        "fieldname": "looking_for_job",
        "fieldtype": "Check",
        "hidden": 0,
        "hide_border": 0,
        "hide_days": 0,
        "hide_seconds": 0,
        "ignore_user_permissions": 0,
        "ignore_xss_filter": 0,
        "in_global_search": 0,
        "in_list_view": 0,
        "in_preview": 0,
        "in_standard_filter": 0,
        "insert_after": "interest",
        "is_system_generated": 1,
        "is_virtual": 0,
        "label": "I am looking for a job",
        "length": 0,
        "mandatory_depends_on": null,
        "modified": "2021-12-31 12:56:32.110405",
        "module": null,
        "name": "User-looking_for_job",
        "no_copy": 0,
        "non_negative": 0,
        "options": null,
        "permlevel": 0,
        "precision": "",
        "print_hide": 0,
        "print_hide_if_no_value": 0,
        "print_width": null,
        "read_only": 0,
        "read_only_depends_on": null,
        "report_hide": 0,
        "reqd": 0,
        "search_index": 0,
        "translatable": 0,
        "unique": 0,
        "width": null
    },
    {
        "allow_in_quick_entry": 0,
        "allow_on_submit": 0,
        "bold": 0,
        "collapsible": 0,
        "collapsible_depends_on": null,
        "columns": 0,
        "default": null,
        "depends_on": null,
        "description": null,
        "docstatus": 0,
        "doctype": "Custom Field",
        "dt": "User",
        "fetch_from": null,
        "fetch_if_empty": 0,
        "fieldname": "education",
        "fieldtype": "Table",
        "hidden": 0,
        "hide_border": 0,
        "hide_days": 0,
        "hide_seconds": 0,
        "ignore_user_permissions": 0,
        "ignore_xss_filter": 0,
        "in_global_search": 0,
        "in_list_view": 0,
        "in_preview": 0,
        "in_standard_filter": 0,
        "insert_after": "education_details",
        "is_system_generated": 1,
        "is_virtual": 0,
        "label": "Education",
        "length": 0,
        "mandatory_depends_on": null,
        "modified": "2021-12-31 11:58:56.052663",
        "module": null,
        "name": "User-education",
        "no_copy": 0,
        "non_negative": 0,
        "options": "Education Detail",
        "permlevel": 0,
        "precision": "",
        "print_hide": 0,
        "print_hide_if_no_value": 0,
        "print_width": null,
        "read_only": 0,
        "read_only_depends_on": null,
        "report_hide": 0,
        "reqd": 0,
        "search_index": 0,
        "translatable": 0,
        "unique": 0,
        "width": null
    },
    {
        "allow_in_quick_entry": 0,
        "allow_on_submit": 0,
        "bold": 0,
        "collapsible": 0,
        "collapsible_depends_on": null,
        "columns": 0,
        "default": null,
        "depends_on": null,
        "description": null,
        "docstatus": 0,
        "doctype": "Custom Field",
        "dt": "User",
        "fetch_from": null,
        "fetch_if_empty": 0,
        "fieldname": "work_experience_details",
        "fieldtype": "Section Break",
        "hidden": 0,
        "hide_border": 0,
        "hide_days": 0,
        "hide_seconds": 0,
        "ignore_user_permissions": 0,
        "ignore_xss_filter": 0,
        "in_global_search": 0,
        "in_list_view": 0,
        "in_preview": 0,
        "in_standard_filter": 0,
        "insert_after": "education",
        "is_system_generated": 1,
        "is_virtual": 0,
        "label": "Work Experience Details",
        "length": 0,
        "mandatory_depends_on": null,
        "modified": "2021-12-31 11:56:29.466560",
        "module": null,
        "name": "User-work_experience_details",
        "no_copy": 0,
        "non_negative": 0,
        "options": null,
        "permlevel": 0,
        "precision": "",
        "print_hide": 0,
        "print_hide_if_no_value": 0,
        "print_width": null,
        "read_only": 0,
        "read_only_depends_on": null,
        "report_hide": 0,
        "reqd": 0,
        "search_index": 0,
        "translatable": 0,
        "unique": 0,
        "width": null
    },
    {
        "allow_in_quick_entry": 0,
        "allow_on_submit": 0,
        "bold": 0,
        "collapsible": 0,
        "collapsible_depends_on": null,
        "columns": 0,
        "default": null,
        "depends_on": null,
        "description": null,
        "docstatus": 0,
        "doctype": "Custom Field",
        "dt": "User",
        "fetch_from": null,
        "fetch_if_empty": 0,
        "fieldname": "work_experience",
        "fieldtype": "Table",
        "hidden": 0,
        "hide_border": 0,
        "hide_days": 0,
        "hide_seconds": 0,
        "ignore_user_permissions": 0,
        "ignore_xss_filter": 0,
        "in_global_search": 0,
        "in_list_view": 0,
        "in_preview": 0,
        "in_standard_filter": 0,
        "insert_after": "work_experience_details",
        "is_system_generated": 1,
        "is_virtual": 0,
        "label": "Work Experience",
        "length": 0,
        "mandatory_depends_on": null,
        "modified": "2021-12-31 11:58:43.329371",
        "module": null,
        "name": "User-work_experience",
        "no_copy": 0,
        "non_negative": 0,
        "options": "Work Experience",
        "permlevel": 0,
        "precision": "",
        "print_hide": 0,
        "print_hide_if_no_value": 0,
        "print_width": null,
        "read_only": 0,
        "read_only_depends_on": null,
        "report_hide": 0,
        "reqd": 0,
        "search_index": 0,
        "translatable": 0,
        "unique": 0,
        "width": null
    },
    {
        "allow_in_quick_entry": 0,
        "allow_on_submit": 0,
        "bold": 0,
        "collapsible": 0,
        "collapsible_depends_on": null,
        "columns": 0,
        "default": null,
        "depends_on": null,
        "description": null,
        "docstatus": 0,
        "doctype": "Custom Field",
        "dt": "User",
        "fetch_from": null,
        "fetch_if_empty": 0,
        "fieldname": "internship",
        "fieldtype": "Table",
        "hidden": 0,
        "hide_border": 0,
        "hide_days": 0,
        "hide_seconds": 0,
        "ignore_user_permissions": 0,
        "ignore_xss_filter": 0,
        "in_global_search": 0,
        "in_list_view": 0,
        "in_preview": 0,
        "in_standard_filter": 0,
        "insert_after": "work_experience",
        "is_system_generated": 1,
        "is_virtual": 0,
        "label": "Volunteering or Internship",
        "length": 0,
        "mandatory_depends_on": null,
        "modified": "2021-12-31 14:58:04.285835",
        "module": null,
        "name": "User-internship",
        "no_copy": 0,
        "non_negative": 0,
        "options": "Work Experience",
        "permlevel": 0,
        "precision": "",
        "print_hide": 0,
        "print_hide_if_no_value": 0,
        "print_width": null,
        "read_only": 0,
        "read_only_depends_on": null,
        "report_hide": 0,
        "reqd": 0,
        "search_index": 0,
        "translatable": 0,
        "unique": 0,
        "width": null
    },
    {
        "allow_in_quick_entry": 0,
        "allow_on_submit": 0,
        "bold": 0,
        "collapsible": 0,
        "collapsible_depends_on": null,
        "columns": 0,
        "default": null,
        "depends_on": null,
        "description": null,
        "docstatus": 0,
        "doctype": "Custom Field",
        "dt": "User",
        "fetch_from": null,
        "fetch_if_empty": 0,
        "fieldname": "certification_details",
        "fieldtype": "Section Break",
        "hidden": 0,
        "hide_border": 0,
        "hide_days": 0,
        "hide_seconds": 0,
        "ignore_user_permissions": 0,
        "ignore_xss_filter": 0,
        "in_global_search": 0,
        "in_list_view": 0,
        "in_preview": 0,
        "in_standard_filter": 0,
        "insert_after": "internship",
        "is_system_generated": 1,
        "is_virtual": 0,
        "label": "Certification Details",
        "length": 0,
        "mandatory_depends_on": null,
        "modified": "2021-12-31 14:58:29.975380",
        "module": null,
        "name": "User-certification_details",
        "no_copy": 0,
        "non_negative": 0,
        "options": "",
        "permlevel": 0,
        "precision": "",
        "print_hide": 0,
        "print_hide_if_no_value": 0,
        "print_width": null,
        "read_only": 0,
        "read_only_depends_on": null,
        "report_hide": 0,
        "reqd": 0,
        "search_index": 0,
        "translatable": 0,
        "unique": 0,
        "width": null
    },
    {
        "allow_in_quick_entry": 0,
        "allow_on_submit": 0,
        "bold": 0,
        "collapsible": 0,
        "collapsible_depends_on": null,
        "columns": 0,
        "default": null,
        "depends_on": null,
        "description": null,
        "docstatus": 0,
        "doctype": "Custom Field",
        "dt": "User",
        "fetch_from": null,
        "fetch_if_empty": 0,
        "fieldname": "certification",
        "fieldtype": "Table",
        "hidden": 0,
        "hide_border": 0,
        "hide_days": 0,
        "hide_seconds": 0,
        "ignore_user_permissions": 0,
        "ignore_xss_filter": 0,
        "in_global_search": 0,
        "in_list_view": 0,
        "in_preview": 0,
        "in_standard_filter": 0,
        "insert_after": "certification_details",
        "is_system_generated": 1,
        "is_virtual": 0,
        "label": "Certification",
        "length": 0,
        "mandatory_depends_on": null,
        "modified": "2021-12-31 11:59:54.850517",
        "module": null,
        "name": "User-certification",
        "no_copy": 0,
        "non_negative": 0,
        "options": "Certification",
        "permlevel": 0,
        "precision": "",
        "print_hide": 0,
        "print_hide_if_no_value": 0,
        "print_width": null,
        "read_only": 0,
        "read_only_depends_on": null,
        "report_hide": 0,
        "reqd": 0,
        "search_index": 0,
        "translatable": 0,
        "unique": 0,
        "width": null
    },
    {
        "allow_in_quick_entry": 0,
        "allow_on_submit": 0,
        "bold": 0,
        "collapsible": 0,
        "collapsible_depends_on": null,
        "columns": 0,
        "default": null,
        "depends_on": null,
        "description": null,
        "docstatus": 0,
        "doctype": "Custom Field",
        "dt": "User",
        "fetch_from": null,
        "fetch_if_empty": 0,
        "fieldname": "skill_details",
        "fieldtype": "Section Break",
        "hidden": 0,
        "hide_border": 0,
        "hide_days": 0,
        "hide_seconds": 0,
        "ignore_user_permissions": 0,
        "ignore_xss_filter": 0,
        "in_global_search": 0,
        "in_list_view": 0,
        "in_preview": 0,
        "in_standard_filter": 0,
        "insert_after": "certification",
        "is_system_generated": 1,
        "is_virtual": 0,
        "label": "Skill Details",
        "length": 0,
        "mandatory_depends_on": null,
        "modified": "2021-12-31 12:01:29.335323",
        "module": null,
        "name": "User-skill_details",
        "no_copy": 0,
        "non_negative": 0,
        "options": "",
        "permlevel": 0,
        "precision": "",
        "print_hide": 0,
        "print_hide_if_no_value": 0,
        "print_width": null,
        "read_only": 0,
        "read_only_depends_on": null,
        "report_hide": 0,
        "reqd": 0,
        "search_index": 0,
        "translatable": 0,
        "unique": 0,
        "width": null
    },
    {
        "allow_in_quick_entry": 0,
        "allow_on_submit": 0,
        "bold": 0,
        "collapsible": 0,
        "collapsible_depends_on": null,
        "columns": 0,
        "default": null,
        "depends_on": null,
        "description": null,
        "docstatus": 0,
        "doctype": "Custom Field",
        "dt": "User",
        "fetch_from": null,
        "fetch_if_empty": 0,
        "fieldname": "skill",
        "fieldtype": "Table MultiSelect",
        "hidden": 0,
        "hide_border": 0,
        "hide_days": 0,
        "hide_seconds": 0,
        "ignore_user_permissions": 0,
        "ignore_xss_filter": 0,
        "in_global_search": 0,
        "in_list_view": 0,
        "in_preview": 0,
        "in_standard_filter": 0,
        "insert_after": "skill_details",
        "is_system_generated": 1,
        "is_virtual": 0,
        "label": "Skill",
        "length": 0,
        "mandatory_depends_on": null,
        "modified": "2021-12-31 15:32:13.944672",
        "module": null,
        "name": "User-skill",
        "no_copy": 0,
        "non_negative": 0,
        "options": "Skills",
        "permlevel": 0,
        "precision": "",
        "print_hide": 0,
        "print_hide_if_no_value": 0,
        "print_width": null,
        "read_only": 0,
        "read_only_depends_on": null,
        "report_hide": 0,
        "reqd": 0,
        "search_index": 0,
        "translatable": 0,
        "unique": 0,
        "width": null
    },
    {
        "allow_in_quick_entry": 0,
        "allow_on_submit": 0,
        "bold": 0,
        "collapsible": 0,
        "collapsible_depends_on": null,
        "columns": 0,
        "default": null,
        "depends_on": null,
        "description": null,
        "docstatus": 0,
        "doctype": "Custom Field",
        "dt": "User",
        "fetch_from": null,
        "fetch_if_empty": 0,
        "fieldname": "carrer_preference_details",
        "fieldtype": "Section Break",
        "hidden": 0,
        "hide_border": 0,
        "hide_days": 0,
        "hide_seconds": 0,
        "ignore_user_permissions": 0,
        "ignore_xss_filter": 0,
        "in_global_search": 0,
        "in_list_view": 0,
        "in_preview": 0,
        "in_standard_filter": 0,
        "insert_after": "skill",
        "is_system_generated": 1,
        "is_virtual": 0,
        "label": "Career Preference Details",
        "length": 0,
        "mandatory_depends_on": null,
        "modified": "2021-12-31 15:35:50.764368",
        "module": null,
        "name": "User-carrer_preference_details",
        "no_copy": 0,
        "non_negative": 0,
        "options": "",
        "permlevel": 0,
        "precision": "",
        "print_hide": 0,
        "print_hide_if_no_value": 0,
        "print_width": null,
        "read_only": 0,
        "read_only_depends_on": null,
        "report_hide": 0,
        "reqd": 0,
        "search_index": 0,
        "translatable": 0,
        "unique": 0,
        "width": null
    },
    {
        "allow_in_quick_entry": 0,
        "allow_on_submit": 0,
        "bold": 0,
        "collapsible": 0,
        "collapsible_depends_on": null,
        "columns": 0,
        "default": null,
        "depends_on": null,
        "description": null,
        "docstatus": 0,
        "doctype": "Custom Field",
        "dt": "User",
        "fetch_from": null,
        "fetch_if_empty": 0,
        "fieldname": "preferred_functions",
        "fieldtype": "Table MultiSelect",
        "hidden": 0,
        "hide_border": 0,
        "hide_days": 0,
        "hide_seconds": 0,
        "ignore_user_permissions": 0,
        "ignore_xss_filter": 0,
        "in_global_search": 0,
        "in_list_view": 0,
        "in_preview": 0,
        "in_standard_filter": 0,
        "insert_after": "carrer_preference_details",
        "is_system_generated": 1,
        "is_virtual": 0,
        "label": "Preferred Functions",
        "length": 0,
        "mandatory_depends_on": null,
        "modified": "2021-12-31 17:12:36.454519",
        "module": null,
        "name": "User-preferred_functions",
        "no_copy": 0,
        "non_negative": 0,
        "options": "Preferred Function",
        "permlevel": 0,
        "precision": "",
        "print_hide": 0,
        "print_hide_if_no_value": 0,
        "print_width": null,
        "read_only": 0,
        "read_only_depends_on": null,
        "report_hide": 0,
        "reqd": 0,
        "search_index": 0,
        "translatable": 0,
        "unique": 0,
        "width": null
    },
    {
        "allow_in_quick_entry": 0,
        "allow_on_submit": 0,
        "bold": 0,
        "collapsible": 0,
        "collapsible_depends_on": null,
        "columns": 0,
        "default": null,
        "depends_on": null,
        "description": null,
        "docstatus": 0,
        "doctype": "Custom Field",
        "dt": "User",
        "fetch_from": null,
        "fetch_if_empty": 0,
        "fieldname": "preferred_location",
        "fieldtype": "Data",
        "hidden": 0,
        "hide_border": 0,
        "hide_days": 0,
        "hide_seconds": 0,
        "ignore_user_permissions": 0,
        "ignore_xss_filter": 0,
        "in_global_search": 0,
        "in_list_view": 0,
        "in_preview": 0,
        "in_standard_filter": 0,
        "insert_after": "preferred_functions",
        "is_system_generated": 1,
        "is_virtual": 0,
        "label": "Preferred Location",
        "length": 0,
        "mandatory_depends_on": null,
        "modified": "2021-12-31 17:12:40.105066",
        "module": null,
        "name": "User-preferred_location",
        "no_copy": 0,
        "non_negative": 0,
        "options": null,
        "permlevel": 0,
        "precision": "",
        "print_hide": 0,
        "print_hide_if_no_value": 0,
        "print_width": null,
        "read_only": 0,
        "read_only_depends_on": null,
        "report_hide": 0,
        "reqd": 0,
        "search_index": 0,
        "translatable": 0,
        "unique": 0,
        "width": null
    },
    {
        "allow_in_quick_entry": 0,
        "allow_on_submit": 0,
        "bold": 0,
        "collapsible": 0,
        "collapsible_depends_on": null,
        "columns": 0,
        "default": null,
        "depends_on": null,
        "description": null,
        "docstatus": 0,
        "doctype": "Custom Field",
        "dt": "User",
        "fetch_from": null,
        "fetch_if_empty": 0,
        "fieldname": "career_preference_column",
        "fieldtype": "Column Break",
        "hidden": 0,
        "hide_border": 0,
        "hide_days": 0,
        "hide_seconds": 0,
        "ignore_user_permissions": 0,
        "ignore_xss_filter": 0,
        "in_global_search": 0,
        "in_list_view": 0,
        "in_preview": 0,
        "in_standard_filter": 0,
        "insert_after": "preferred_location",
        "is_system_generated": 1,
        "is_virtual": 0,
        "label": "",
        "length": 0,
        "mandatory_depends_on": null,
        "modified": "2021-12-31 12:47:32.673594",
        "module": null,
        "name": "User-career_preference_column",
        "no_copy": 0,
        "non_negative": 0,
        "options": "",
        "permlevel": 0,
        "precision": "",
        "print_hide": 0,
        "print_hide_if_no_value": 0,
        "print_width": null,
        "read_only": 0,
        "read_only_depends_on": null,
        "report_hide": 0,
        "reqd": 0,
        "search_index": 0,
        "translatable": 0,
        "unique": 0,
        "width": null
    },
    {
        "allow_in_quick_entry": 0,
        "allow_on_submit": 0,
        "bold": 0,
        "collapsible": 0,
        "collapsible_depends_on": null,
        "columns": 0,
        "default": null,
        "depends_on": null,
        "description": null,
        "docstatus": 0,
        "doctype": "Custom Field",
        "dt": "User",
        "fetch_from": null,
        "fetch_if_empty": 0,
        "fieldname": "preferred_industries",
        "fieldtype": "Table MultiSelect",
        "hidden": 0,
        "hide_border": 0,
        "hide_days": 0,
        "hide_seconds": 0,
        "ignore_user_permissions": 0,
        "ignore_xss_filter": 0,
        "in_global_search": 0,
        "in_list_view": 0,
        "in_preview": 0,
        "in_standard_filter": 0,
        "insert_after": "career_preference_column",
        "is_system_generated": 1,
        "is_virtual": 0,
        "label": "Preferred Industries",
        "length": 0,
        "mandatory_depends_on": null,
        "modified": "2021-12-31 17:12:31.604282",
        "module": null,
        "name": "User-preferred_industries",
        "no_copy": 0,
        "non_negative": 0,
        "options": "Preferred Industry",
        "permlevel": 0,
        "precision": "",
        "print_hide": 0,
        "print_hide_if_no_value": 0,
        "print_width": null,
        "read_only": 0,
        "read_only_depends_on": null,
        "report_hide": 0,
        "reqd": 0,
        "search_index": 0,
        "translatable": 0,
        "unique": 0,
        "width": null
    },
    {
        "allow_in_quick_entry": 0,
        "allow_on_submit": 0,
        "bold": 0,
        "collapsible": 0,
        "collapsible_depends_on": null,
        "columns": 0,
        "default": null,
        "depends_on": null,
        "description": null,
        "docstatus": 0,
        "doctype": "Custom Field",
        "dt": "User",
        "fetch_from": null,
        "fetch_if_empty": 0,
        "fieldname": "dream_companies",
        "fieldtype": "Data",
        "hidden": 0,
        "hide_border": 0,
        "hide_days": 0,
        "hide_seconds": 0,
        "ignore_user_permissions": 0,
        "ignore_xss_filter": 0,
        "in_global_search": 0,
        "in_list_view": 0,
        "in_preview": 0,
        "in_standard_filter": 0,
        "insert_after": "preferred_industries",
        "is_system_generated": 1,
        "is_virtual": 0,
        "label": "Dream Companies",
        "length": 0,
        "mandatory_depends_on": null,
        "modified": "2021-12-31 12:49:19.295124",
        "module": null,
        "name": "User-dream_companies",
        "no_copy": 0,
        "non_negative": 0,
        "options": null,
        "permlevel": 0,
        "precision": "",
        "print_hide": 0,
        "print_hide_if_no_value": 0,
        "print_width": null,
        "read_only": 0,
        "read_only_depends_on": null,
        "report_hide": 0,
        "reqd": 0,
        "search_index": 0,
        "translatable": 0,
        "unique": 0,
        "width": null
    },
    {
        "allow_in_quick_entry": 0,
        "allow_on_submit": 0,
        "bold": 0,
        "collapsible": 0,
        "collapsible_depends_on": null,
        "columns": 0,
        "default": null,
        "depends_on": null,
        "description": null,
        "docstatus": 0,
        "doctype": "Custom Field",
        "dt": "User",
        "fetch_from": null,
        "fetch_if_empty": 0,
        "fieldname": "work_environment",
        "fieldtype": "Section Break",
        "hidden": 0,
        "hide_border": 0,
        "hide_days": 0,
        "hide_seconds": 0,
        "ignore_user_permissions": 0,
        "ignore_xss_filter": 0,
        "in_global_search": 0,
        "in_list_view": 0,
        "in_preview": 0,
        "in_standard_filter": 0,
        "insert_after": "dream_companies",
        "is_system_generated": 1,
        "is_virtual": 0,
        "label": "Work Environment",
        "length": 0,
        "mandatory_depends_on": null,
        "modified": "2021-12-31 12:49:46.685634",
        "module": null,
        "name": "User-work_environment",
        "no_copy": 0,
        "non_negative": 0,
        "options": "",
        "permlevel": 0,
        "precision": "",
        "print_hide": 0,
        "print_hide_if_no_value": 0,
        "print_width": null,
        "read_only": 0,
        "read_only_depends_on": null,
        "report_hide": 0,
        "reqd": 0,
        "search_index": 0,
        "translatable": 0,
        "unique": 0,
        "width": null
    },
    {
        "allow_in_quick_entry": 0,
        "allow_on_submit": 0,
        "bold": 0,
        "collapsible": 0,
        "collapsible_depends_on": null,
        "columns": 0,
        "default": null,
        "depends_on": null,
        "description": null,
        "docstatus": 0,
        "doctype": "Custom Field",
        "dt": "User",
        "fetch_from": null,
        "fetch_if_empty": 0,
        "fieldname": "attire",
        "fieldtype": "Select",
        "hidden": 0,
        "hide_border": 0,
        "hide_days": 0,
        "hide_seconds": 0,
        "ignore_user_permissions": 0,
        "ignore_xss_filter": 0,
        "in_global_search": 0,
        "in_list_view": 0,
        "in_preview": 0,
        "in_standard_filter": 0,
        "insert_after": "work_environment",
        "is_system_generated": 1,
        "is_virtual": 0,
        "label": "Attire Preference",
        "length": 0,
        "mandatory_depends_on": null,
        "modified": "2021-12-31 12:03:02.296214",
        "module": null,
        "name": "User-attire",
        "no_copy": 0,
        "non_negative": 0,
        "options": "Casual Wear\nFormal Wear",
        "permlevel": 0,
        "precision": "",
        "print_hide": 0,
        "print_hide_if_no_value": 0,
        "print_width": null,
        "read_only": 0,
        "read_only_depends_on": null,
        "report_hide": 0,
        "reqd": 0,
        "search_index": 0,
        "translatable": 0,
        "unique": 0,
        "width": null
    },
    {
        "allow_in_quick_entry": 0,
        "allow_on_submit": 0,
        "bold": 0,
        "collapsible": 0,
        "collapsible_depends_on": null,
        "columns": 0,
        "default": null,
        "depends_on": null,
        "description": null,
        "docstatus": 0,
        "doctype": "Custom Field",
        "dt": "User",
        "fetch_from": null,
        "fetch_if_empty": 0,
        "fieldname": "collaboration",
        "fieldtype": "Select",
        "hidden": 0,
        "hide_border": 0,
        "hide_days": 0,
        "hide_seconds": 0,
        "ignore_user_permissions": 0,
        "ignore_xss_filter": 0,
        "in_global_search": 0,
        "in_list_view": 0,
        "in_preview": 0,
        "in_standard_filter": 0,
        "insert_after": "attire",
        "is_system_generated": 1,
        "is_virtual": 0,
        "label": "Collaboration Preference",
        "length": 0,
        "mandatory_depends_on": null,
        "modified": "2021-12-31 12:02:49.680208",
        "module": null,
        "name": "User-collaboration",
        "no_copy": 0,
        "non_negative": 0,
        "options": "Individual Work\nTeam Work\nBoth Individual and Team Work",
        "permlevel": 0,
        "precision": "",
        "print_hide": 0,
        "print_hide_if_no_value": 0,
        "print_width": null,
        "read_only": 0,
        "read_only_depends_on": null,
        "report_hide": 0,
        "reqd": 0,
        "search_index": 0,
        "translatable": 0,
        "unique": 0,
        "width": null
    },
    {
        "allow_in_quick_entry": 0,
        "allow_on_submit": 0,
        "bold": 0,
        "collapsible": 0,
        "collapsible_depends_on": null,
        "columns": 0,
        "default": null,
        "depends_on": null,
        "description": null,
        "docstatus": 0,
        "doctype": "Custom Field",
        "dt": "User",
        "fetch_from": null,
        "fetch_if_empty": 0,
        "fieldname": "role",
        "fieldtype": "Select",
        "hidden": 0,
        "hide_border": 0,
        "hide_days": 0,
        "hide_seconds": 0,
        "ignore_user_permissions": 0,
        "ignore_xss_filter": 0,
        "in_global_search": 0,
        "in_list_view": 0,
        "in_preview": 0,
        "in_standard_filter": 0,
        "insert_after": "collaboration",
        "is_system_generated": 1,
        "is_virtual": 0,
        "label": "Role Preference",
        "length": 0,
        "mandatory_depends_on": null,
        "modified": "2021-12-31 16:10:37.349479",
        "module": null,
        "name": "User-role",
        "no_copy": 0,
        "non_negative": 0,
        "options": "Clearly Defined Role\nUnstructured Role",
        "permlevel": 0,
        "precision": "",
        "print_hide": 0,
        "print_hide_if_no_value": 0,
        "print_width": null,
        "read_only": 0,
        "read_only_depends_on": null,
        "report_hide": 0,
        "reqd": 0,
        "search_index": 0,
        "translatable": 0,
        "unique": 0,
        "width": null
    },
    {
        "allow_in_quick_entry": 0,
        "allow_on_submit": 0,
        "bold": 0,
        "collapsible": 0,
        "collapsible_depends_on": null,
        "columns": 0,
        "default": null,
        "depends_on": null,
        "description": null,
        "docstatus": 0,
        "doctype": "Custom Field",
        "dt": "User",
        "fetch_from": null,
        "fetch_if_empty": 0,
        "fieldname": "work_environment_column",
        "fieldtype": "Column Break",
        "hidden": 0,
        "hide_border": 0,
        "hide_days": 0,
        "hide_seconds": 0,
        "ignore_user_permissions": 0,
        "ignore_xss_filter": 0,
        "in_global_search": 0,
        "in_list_view": 0,
        "in_preview": 0,
        "in_standard_filter": 0,
        "insert_after": "role",
        "is_system_generated": 1,
        "is_virtual": 0,
        "label": "",
        "length": 0,
        "mandatory_depends_on": null,
        "modified": "2021-12-31 16:45:46.776903",
        "module": null,
        "name": "User-work_environment_column",
        "no_copy": 0,
        "non_negative": 0,
        "options": "",
        "permlevel": 0,
        "precision": "",
        "print_hide": 0,
        "print_hide_if_no_value": 0,
        "print_width": null,
        "read_only": 0,
        "read_only_depends_on": null,
        "report_hide": 0,
        "reqd": 0,
        "search_index": 0,
        "translatable": 0,
        "unique": 0,
        "width": null
    },
    {
        "allow_in_quick_entry": 0,
        "allow_on_submit": 0,
        "bold": 0,
        "collapsible": 0,
        "collapsible_depends_on": null,
        "columns": 0,
        "default": null,
        "depends_on": null,
        "description": null,
        "docstatus": 0,
        "doctype": "Custom Field",
        "dt": "User",
        "fetch_from": null,
        "fetch_if_empty": 0,
        "fieldname": "location_preference",
        "fieldtype": "Select",
        "hidden": 0,
        "hide_border": 0,
        "hide_days": 0,
        "hide_seconds": 0,
        "ignore_user_permissions": 0,
        "ignore_xss_filter": 0,
        "in_global_search": 0,
        "in_list_view": 0,
        "in_preview": 0,
        "in_standard_filter": 0,
        "insert_after": "work_environment_column",
        "is_system_generated": 1,
        "is_virtual": 0,
        "label": "Location Preference",
        "length": 0,
        "mandatory_depends_on": null,
        "modified": "2021-12-31 12:02:04.328536",
        "module": null,
        "name": "User-location_preference",
        "no_copy": 0,
        "non_negative": 0,
        "options": "Travel\nOffice close to Home",
        "permlevel": 0,
        "precision": "",
        "print_hide": 0,
        "print_hide_if_no_value": 0,
        "print_width": null,
        "read_only": 0,
        "read_only_depends_on": null,
        "report_hide": 0,
        "reqd": 0,
        "search_index": 0,
        "translatable": 0,
        "unique": 0,
        "width": null
    },
    {
        "allow_in_quick_entry": 0,
        "allow_on_submit": 0,
        "bold": 0,
        "collapsible": 0,
        "collapsible_depends_on": null,
        "columns": 0,
        "default": null,
        "depends_on": null,
        "description": null,
        "docstatus": 0,
        "doctype": "Custom Field",
        "dt": "User",
        "fetch_from": null,
        "fetch_if_empty": 0,
        "fieldname": "time",
        "fieldtype": "Select",
        "hidden": 0,
        "hide_border": 0,
        "hide_days": 0,
        "hide_seconds": 0,
        "ignore_user_permissions": 0,
        "ignore_xss_filter": 0,
        "in_global_search": 0,
        "in_list_view": 0,
        "in_preview": 0,
        "in_standard_filter": 0,
        "insert_after": "location_preference",
        "is_system_generated": 1,
        "is_virtual": 0,
        "label": "Time Preference",
        "length": 0,
        "mandatory_depends_on": null,
        "modified": "2021-12-31 16:16:37.885306",
        "module": null,
        "name": "User-time",
        "no_copy": 0,
        "non_negative": 0,
        "options": "Flexible Time\nFixed 9-5",
        "permlevel": 0,
        "precision": "",
        "print_hide": 0,
        "print_hide_if_no_value": 0,
        "print_width": null,
        "read_only": 0,
        "read_only_depends_on": null,
        "report_hide": 0,
        "reqd": 0,
        "search_index": 0,
        "translatable": 0,
        "unique": 0,
        "width": null
    },
    {
        "allow_in_quick_entry": 0,
        "allow_on_submit": 0,
        "bold": 0,
        "collapsible": 0,
        "collapsible_depends_on": null,
        "columns": 0,
        "default": null,
        "depends_on": null,
        "description": null,
        "docstatus": 0,
        "doctype": "Custom Field",
        "dt": "User",
        "fetch_from": null,
        "fetch_if_empty": 0,
        "fieldname": "company_type",
        "fieldtype": "Select",
        "hidden": 0,
        "hide_border": 0,
        "hide_days": 0,
        "hide_seconds": 0,
        "ignore_user_permissions": 0,
        "ignore_xss_filter": 0,
        "in_global_search": 0,
        "in_list_view": 0,
        "in_preview": 0,
        "in_standard_filter": 0,
        "insert_after": "time",
        "is_system_generated": 1,
        "is_virtual": 0,
        "label": "Company Type",
        "length": 0,
        "mandatory_depends_on": null,
        "modified": "2021-12-31 12:01:41.342622",
        "module": null,
        "name": "User-company_type",
        "no_copy": 0,
        "non_negative": 0,
        "options": "Corporate Organization\nStartup Organization",
        "permlevel": 0,
        "precision": "",
        "print_hide": 0,
        "print_hide_if_no_value": 0,
        "print_width": null,
        "read_only": 0,
        "read_only_depends_on": null,
        "report_hide": 0,
        "reqd": 0,
        "search_index": 0,
        "translatable": 0,
        "unique": 0,
        "width": null
    }
]