{
 "based_on": "creation",
 "chart_name": "New Signups",
 "chart_type": "Count",
 "color": "#4463F0",
 "creation": "2021-09-28 18:57:50.047656",
 "custom_options": "{\"type\": \"line\", \"axisOptions\": {\"xIsSeries\": 1}, \"lineOptions\": {\"regionFill\": 1}}",
 "docstatus": 0,
 "doctype": "Dashboard Chart",
 "document_type": "User",
 "dynamic_filters_json": "[]",
 "filters_json": "[]",
 "group_by_type": "Count",
 "idx": 1,
 "is_public": 1,
 "is_standard": 1,
 "last_synced_on": "2022-10-20 10:46:56.849265",
 "modified": "2022-10-20 11:31:17.184897",
 "modified_by": "Administrator",
 "module": "LMS",
 "name": "New Signups",
 "number_of_groups": 0,
 "owner": "basawaraj@erpnext.com",
 "roles": [],
 "source": "",
 "time_interval": "Daily",
 "timeseries": 1,
 "timespan": "Last Quarter",
 "type": "Line",
 "use_report_chart": 0,
 "value_based_on": "",
 "y_axis": []
}