{
 "actions": [],
 "allow_rename": 1,
 "autoname": "hash",
 "creation": "2021-12-07 12:22:44.139341",
 "doctype": "DocType",
 "editable_grid": 1,
 "engine": "InnoDB",
 "field_order": [
  "skill_name"
 ],
 "fields": [
  {
   "fieldname": "skill_name",
   "fieldtype": "Link",
   "in_list_view": 1,
   "label": "Skill Name",
   "options": "User Skill",
   "reqd": 1
  }
 ],
 "index_web_pages_for_search": 1,
 "istable": 1,
 "links": [],
 "modified": "2022-12-01 11:28:53.518929",
 "modified_by": "Administrator",
 "module": "LMS",
 "name": "Skills",
 "naming_rule": "Random",
 "owner": "Administrator",
 "permissions": [],
 "sort_field": "modified",
 "sort_order": "DESC",
 "states": []
}
