{
 "actions": [],
 "allow_rename": 1,
 "autoname": "hash",
 "creation": "2023-10-11 16:36:45.079267",
 "default_view": "List",
 "doctype": "DocType",
 "editable_grid": 1,
 "engine": "InnoDB",
 "field_order": [
  "reference_doctype",
  "label",
  "color"
 ],
 "fields": [
  {
   "fieldname": "reference_doctype",
   "fieldtype": "Link",
   "in_list_view": 1,
   "label": "Reference DocType",
   "options": "DocType",
   "reqd": 1
  },
  {
   "fieldname": "color",
   "fieldtype": "Color",
   "in_list_view": 1,
   "label": "Color",
   "reqd": 1
  },
  {
   "fieldname": "label",
   "fieldtype": "Data",
   "in_list_view": 1,
   "label": "Label",
   "reqd": 1
  }
 ],
 "index_web_pages_for_search": 1,
 "istable": 1,
 "links": [],
 "modified": "2023-10-11 17:15:37.039139",
 "modified_by": "Administrator",
 "module": "LMS",
 "name": "LMS Timetable Legend",
 "naming_rule": "Random",
 "owner": "Administrator",
 "permissions": [],
 "sort_field": "modified",
 "sort_order": "DESC",
 "states": []
}