{
 "actions": [],
 "allow_rename": 1,
 "creation": "2022-11-09 16:20:44.602545",
 "default_view": "List",
 "doctype": "DocType",
 "editable_grid": 1,
 "engine": "InnoDB",
 "field_order": [
  "student_details_section",
  "student",
  "student_name",
  "username",
  "column_break_oduu",
  "payment",
  "source",
  "confirmation_email_sent"
 ],
 "fields": [
  {
   "fieldname": "student",
   "fieldtype": "Link",
   "in_list_view": 1,
   "label": "Student",
   "options": "User",
   "reqd": 1
  },
  {
   "fetch_from": "student.full_name",
   "fieldname": "student_name",
   "fieldtype": "Data",
   "in_list_view": 1,
   "label": "Student Name",
   "read_only": 1
  },
  {
   "fetch_from": "student.username",
   "fieldname": "username",
   "fieldtype": "Data",
   "label": "Username",
   "read_only": 1
  },
  {
   "fieldname": "student_details_section",
   "fieldtype": "Section Break",
   "label": "Student Details"
  },
  {
   "fieldname": "column_break_oduu",
   "fieldtype": "Column Break"
  },
  {
   "fieldname": "payment",
   "fieldtype": "Link",
   "label": "Payment",
   "options": "LMS Payment"
  },
  {
   "default": "0",
   "fieldname": "confirmation_email_sent",
   "fieldtype": "Check",
   "label": "Confirmation Email Sent"
  },
  {
   "fieldname": "source",
   "fieldtype": "Link",
   "label": "Source",
   "options": "LMS Source"
  }
 ],
 "index_web_pages_for_search": 1,
 "istable": 1,
 "links": [],
 "modified": "2023-10-26 16:52:04.266693",
 "modified_by": "Administrator",
 "module": "LMS",
 "name": "Batch Student",
 "owner": "Administrator",
 "permissions": [],
 "sort_field": "modified",
 "sort_order": "DESC",
 "states": []
}