{
 "actions": [],
 "creation": "2021-06-07 10:46:10.402684",
 "doctype": "DocType",
 "editable_grid": 1,
 "engine": "InnoDB",
 "field_order": [
  "option",
  "is_correct"
 ],
 "fields": [
  {
   "fieldname": "option",
   "fieldtype": "Data",
   "label": "Option"
  },
  {
   "default": "0",
   "fieldname": "is_correct",
   "fieldtype": "Check",
   "label": "Is Correct"
  }
 ],
 "index_web_pages_for_search": 1,
 "istable": 1,
 "links": [],
 "modified": "2021-06-07 10:48:45.290227",
 "modified_by": "Administrator",
 "module": "LMS",
 "name": "LMS Option",
 "owner": "Administrator",
 "permissions": [],
 "sort_field": "modified",
 "sort_order": "DESC",
 "track_changes": 1
}