{
 "accept_payment": 0,
 "allow_comments": 0,
 "allow_delete": 0,
 "allow_edit": 1,
 "allow_incomplete": 0,
 "allow_multiple": 0,
 "allow_print": 0,
 "amount": 0.0,
 "amount_based_on_field": 0,
 "apply_document_permissions": 0,
 "breadcrumbs": "",
 "button_label": "Save",
 "client_script": "",
 "creation": "2021-06-30 13:48:13.682851",
 "custom_css": "",
 "doc_type": "User",
 "docstatus": 0,
 "doctype": "Web Form",
 "idx": 0,
 "is_standard": 1,
 "list_columns": [],
 "login_required": 1,
 "max_attachment_size": 0,
 "modified": "2023-01-09 15:45:11.411692",
 "modified_by": "Administrator",
 "module": "LMS",
 "name": "profile",
 "owner": "Administrator",
 "payment_button_label": "Buy Now",
 "published": 1,
 "route": "edit-profile",
 "show_attachments": 0,
 "show_list": 0,
 "show_sidebar": 0,
 "success_url": "/profile",
 "title": "Profile",
 "web_form_fields": [
  {
   "allow_read_on_all_link_options": 0,
   "fieldname": "first_name",
   "fieldtype": "Data",
   "hidden": 0,
   "label": "First Name",
   "max_length": 0,
   "max_value": 0,
   "read_only": 0,
   "reqd": 1,
   "show_in_filter": 0
  },
  {
   "allow_read_on_all_link_options": 0,
   "fieldname": "last_name",
   "fieldtype": "Data",
   "hidden": 0,
   "label": "Last Name",
   "max_length": 0,
   "max_value": 0,
   "read_only": 0,
   "reqd": 0,
   "show_in_filter": 0
  },
  {
   "allow_read_on_all_link_options": 0,
   "fieldname": "username",
   "fieldtype": "Data",
   "hidden": 0,
   "label": "Username",
   "max_length": 0,
   "max_value": 0,
   "read_only": 0,
   "reqd": 1,
   "show_in_filter": 0
  },
  {
   "allow_read_on_all_link_options": 0,
   "description": "Get your globally recognized avatar from Gravatar.com",
   "fieldname": "user_image",
   "fieldtype": "Attach Image",
   "hidden": 0,
   "label": "User Image",
   "max_length": 0,
   "max_value": 0,
   "read_only": 0,
   "reqd": 0,
   "show_in_filter": 0
  },
  {
   "allow_read_on_all_link_options": 0,
   "description": "",
   "fieldname": "cover_image",
   "fieldtype": "Attach Image",
   "hidden": 0,
   "label": "Cover Image",
   "max_length": 0,
   "max_value": 0,
   "read_only": 0,
   "reqd": 0,
   "show_in_filter": 0
  },
  {
   "allow_read_on_all_link_options": 0,
   "fieldname": "city",
   "fieldtype": "Data",
   "hidden": 0,
   "label": "City",
   "max_length": 0,
   "max_value": 0,
   "read_only": 0,
   "reqd": 0,
   "show_in_filter": 0
  },
  {
   "allow_read_on_all_link_options": 0,
   "fieldname": "mobile_no",
   "fieldtype": "Data",
   "hidden": 0,
   "label": "Mobile No",
   "max_length": 0,
   "max_value": 0,
   "options": "Phone",
   "read_only": 0,
   "reqd": 0,
   "show_in_filter": 0
  },
  {
   "allow_read_on_all_link_options": 0,
   "fieldname": "",
   "fieldtype": "Column Break",
   "hidden": 0,
   "label": "",
   "max_length": 0,
   "max_value": 0,
   "options": "",
   "read_only": 0,
   "reqd": 0,
   "show_in_filter": 0
  },
  {
   "allow_read_on_all_link_options": 0,
   "fieldname": "headline",
   "fieldtype": "Data",
   "hidden": 0,
   "label": "Headline",
   "max_length": 0,
   "max_value": 0,
   "read_only": 0,
   "reqd": 0,
   "show_in_filter": 0
  },
  {
   "allow_read_on_all_link_options": 0,
   "fieldname": "linkedin",
   "fieldtype": "Data",
   "hidden": 0,
   "label": "LinkedIn ID",
   "max_length": 0,
   "max_value": 0,
   "read_only": 0,
   "reqd": 0,
   "show_in_filter": 0
  },
  {
   "allow_read_on_all_link_options": 0,
   "fieldname": "github",
   "fieldtype": "Data",
   "hidden": 0,
   "label": "Github ID",
   "max_length": 0,
   "max_value": 0,
   "read_only": 0,
   "reqd": 0,
   "show_in_filter": 0
  },
  {
   "allow_read_on_all_link_options": 0,
   "fieldname": "medium",
   "fieldtype": "Data",
   "hidden": 0,
   "label": "Medium ID",
   "max_length": 0,
   "max_value": 0,
   "read_only": 0,
   "reqd": 0,
   "show_in_filter": 0
  },
  {
   "allow_read_on_all_link_options": 0,
   "fieldname": "looking_for_job",
   "fieldtype": "Check",
   "hidden": 0,
   "label": "I am looking for a job",
   "max_length": 0,
   "max_value": 0,
   "read_only": 0,
   "reqd": 0,
   "show_in_filter": 0
  },
  {
   "allow_read_on_all_link_options": 0,
   "fieldname": "bio",
   "fieldtype": "Small Text",
   "hidden": 0,
   "label": "Bio",
   "max_length": 0,
   "max_value": 0,
   "read_only": 0,
   "reqd": 0,
   "show_in_filter": 0
  },
  {
   "allow_read_on_all_link_options": 0,
   "fieldname": "",
   "fieldtype": "Page Break",
   "hidden": 0,
   "label": "",
   "max_length": 0,
   "max_value": 0,
   "options": "",
   "read_only": 0,
   "reqd": 0,
   "show_in_filter": 0
  },
  {
   "allow_read_on_all_link_options": 0,
   "fieldname": "",
   "fieldtype": "Section Break",
   "hidden": 0,
   "label": "",
   "max_length": 0,
   "max_value": 0,
   "options": "",
   "read_only": 0,
   "reqd": 0,
   "show_in_filter": 0
  },
  {
   "allow_read_on_all_link_options": 0,
   "fieldname": "education",
   "fieldtype": "Table",
   "hidden": 0,
   "label": "Education",
   "max_length": 0,
   "max_value": 0,
   "options": "Education Detail",
   "read_only": 0,
   "reqd": 0,
   "show_in_filter": 0
  },
  {
   "allow_read_on_all_link_options": 0,
   "fieldname": "work_experience_details",
   "fieldtype": "Section Break",
   "hidden": 0,
   "label": "Work Experience",
   "max_length": 0,
   "max_value": 0,
   "read_only": 0,
   "reqd": 0,
   "show_in_filter": 0
  },
  {
   "allow_read_on_all_link_options": 0,
   "fieldname": "work_experience",
   "fieldtype": "Table",
   "hidden": 0,
   "label": "Work Experience",
   "max_length": 0,
   "max_value": 0,
   "options": "Work Experience",
   "read_only": 0,
   "reqd": 0,
   "show_in_filter": 0
  },
  {
   "allow_read_on_all_link_options": 0,
   "fieldname": "internship",
   "fieldtype": "Table",
   "hidden": 0,
   "label": "Volunteering or Internship",
   "max_length": 0,
   "max_value": 0,
   "options": "Work Experience",
   "read_only": 0,
   "reqd": 0,
   "show_in_filter": 0
  },
  {
   "allow_read_on_all_link_options": 0,
   "fieldname": "certification_details",
   "fieldtype": "Section Break",
   "hidden": 0,
   "label": "Certification Details",
   "max_length": 0,
   "max_value": 0,
   "options": "",
   "read_only": 0,
   "reqd": 0,
   "show_in_filter": 0
  },
  {
   "allow_read_on_all_link_options": 0,
   "fieldname": "certification",
   "fieldtype": "Table",
   "hidden": 0,
   "label": "Certification",
   "max_length": 0,
   "max_value": 0,
   "options": "Certification",
   "read_only": 0,
   "reqd": 0,
   "show_in_filter": 0
  },
  {
   "allow_read_on_all_link_options": 0,
   "fieldname": "skill_details",
   "fieldtype": "Section Break",
   "hidden": 0,
   "label": "Skill Details",
   "max_length": 0,
   "max_value": 0,
   "options": "",
   "read_only": 0,
   "reqd": 0,
   "show_in_filter": 0
  },
  {
   "allow_read_on_all_link_options": 0,
   "fieldname": "skill",
   "fieldtype": "Table",
   "hidden": 0,
   "label": "Skill",
   "max_length": 0,
   "max_value": 0,
   "options": "Skills",
   "read_only": 0,
   "reqd": 0,
   "show_in_filter": 0
  }
 ]
}