{
 "actions": [],
 "allow_rename": 1,
 "creation": "2021-12-04 23:28:40.429867",
 "doctype": "DocType",
 "editable_grid": 1,
 "engine": "InnoDB",
 "field_order": [
  "slug",
  "title",
  "template",
  "scope",
  "required_role"
 ],
 "fields": [
  {
   "fieldname": "title",
   "fieldtype": "Data",
   "in_list_view": 1,
   "label": "Title",
   "reqd": 1
  },
  {
   "fieldname": "template",
   "fieldtype": "Link",
   "in_list_view": 1,
   "label": "Template",
   "options": "Web Template",
   "reqd": 1
  },
  {
   "default": "Cohort",
   "fieldname": "scope",
   "fieldtype": "Select",
   "label": "Scope",
   "options": "Cohort\nSubgroup"
  },
  {
   "default": "Public",
   "fieldname": "required_role",
   "fieldtype": "Select",
   "label": "Required Role",
   "options": "Public\nStudent\nMentor\nAdmin"
  },
  {
   "fieldname": "slug",
   "fieldtype": "Data",
   "in_list_view": 1,
   "label": "Slug",
   "reqd": 1
  }
 ],
 "index_web_pages_for_search": 1,
 "istable": 1,
 "links": [],
 "modified": "2021-12-04 23:33:03.954128",
 "modified_by": "Administrator",
 "module": "LMS",
 "name": "Cohort Web Page",
 "owner": "Administrator",
 "permissions": [],
 "sort_field": "modified",
 "sort_order": "DESC"
}