{
 "accept_payment": 0,
 "allow_comments": 0,
 "allow_delete": 0,
 "allow_edit": 1,
 "allow_incomplete": 0,
 "allow_multiple": 1,
 "allow_print": 0,
 "amount": 0.0,
 "amount_based_on_field": 0,
 "apply_document_permissions": 1,
 "button_label": "Save",
 "creation": "2021-12-27 17:02:12.461145",
 "custom_css": "[data-doctype=\"Web Form\"] {\n    max-width: 720px;\n    margin: 6rem auto;\n}",
 "doc_type": "Job Opportunity",
 "docstatus": 0,
 "doctype": "Web Form",
 "idx": 0,
 "is_standard": 1,
 "list_columns": [],
 "login_required": 1,
 "max_attachment_size": 0,
 "modified": "2022-09-15 17:22:43.957185",
 "modified_by": "Administrator",
 "module": "Job",
 "name": "job-opportunity",
 "owner": "Administrator",
 "payment_button_label": "Buy Now",
 "published": 1,
 "route": "job-opportunity",
 "show_attachments": 0,
 "show_list": 1,
 "show_sidebar": 0,
 "success_message": "",
 "success_url": "/job-openings",
 "title": "Job Opportunity",
 "web_form_fields": [
  {
   "allow_read_on_all_link_options": 0,
   "fieldname": "job_title",
   "fieldtype": "Data",
   "hidden": 0,
   "label": "Job Title",
   "max_length": 0,
   "max_value": 0,
   "read_only": 0,
   "reqd": 1,
   "show_in_filter": 0
  },
  {
   "allow_read_on_all_link_options": 0,
   "fieldname": "location",
   "fieldtype": "Data",
   "hidden": 0,
   "label": "Location",
   "max_length": 0,
   "max_value": 0,
   "read_only": 0,
   "reqd": 1,
   "show_in_filter": 0
  },
  {
   "allow_read_on_all_link_options": 0,
   "default": "Full Time",
   "fieldname": "type",
   "fieldtype": "Select",
   "hidden": 0,
   "label": "Type",
   "max_length": 0,
   "max_value": 0,
   "options": "Full Time\nPart Time\nFreelance\nContract",
   "read_only": 0,
   "reqd": 1,
   "show_in_filter": 0
  },
  {
   "allow_read_on_all_link_options": 0,
   "default": "Open",
   "fieldname": "status",
   "fieldtype": "Select",
   "hidden": 0,
   "label": "Status",
   "max_length": 0,
   "max_value": 0,
   "options": "Open\nClosed",
   "read_only": 0,
   "reqd": 0,
   "show_in_filter": 0
  },
  {
   "allow_read_on_all_link_options": 0,
   "fieldname": "company_name",
   "fieldtype": "Data",
   "hidden": 0,
   "label": "Company Name",
   "max_length": 0,
   "max_value": 0,
   "read_only": 0,
   "reqd": 1,
   "show_in_filter": 0
  },
  {
   "allow_read_on_all_link_options": 0,
   "fieldname": "company_website",
   "fieldtype": "Data",
   "hidden": 0,
   "label": "Company Website",
   "max_length": 0,
   "max_value": 0,
   "read_only": 0,
   "reqd": 1,
   "show_in_filter": 0
  },
  {
   "allow_read_on_all_link_options": 0,
   "fieldname": "company_logo",
   "fieldtype": "Attach Image",
   "hidden": 0,
   "label": "Company Logo",
   "max_length": 0,
   "max_value": 0,
   "read_only": 0,
   "reqd": 1,
   "show_in_filter": 0
  },
  {
   "allow_read_on_all_link_options": 0,
   "fieldname": "application_link",
   "fieldtype": "Data",
   "hidden": 0,
   "label": "Application Form Link",
   "max_length": 0,
   "max_value": 0,
   "read_only": 0,
   "reqd": 1,
   "show_in_filter": 0
  },
  {
   "allow_read_on_all_link_options": 0,
   "fieldname": "description",
   "fieldtype": "Text Editor",
   "hidden": 0,
   "label": "Description",
   "max_length": 0,
   "max_value": 0,
   "read_only": 0,
   "reqd": 1,
   "show_in_filter": 0
  }
 ]
}