{
 "__unsaved": 1,
 "creation": "2021-11-16 15:22:21.788234",
 "docstatus": 0,
 "doctype": "Web Template",
 "fields": [
  {
   "fieldname": "title",
   "fieldtype": "Data",
   "label": "Title",
   "reqd": 1
  },
  {
   "fieldname": "subtitle",
   "fieldtype": "Small Text",
   "label": "Subtitle",
   "reqd": 0
  },
  {
   "fieldname": "testimonials_table",
   "fieldtype": "Table Break",
   "label": "Testimonials",
   "reqd": 0
  },
  {
   "fieldname": "testimonials",
   "fieldtype": "Link",
   "label": "Testimonials",
   "options": "LMS Course Review",
   "reqd": 0
  }
 ],
 "idx": 1,
 "modified": "2022-06-28 17:16:39.614879",
 "modified_by": "Administrator",
 "module": "LMS",
 "name": "Multiple Testimonials",
 "owner": "Administrator",
 "standard": 1,
 "template": "",
 "type": "Section"
}