{
 "based_on": "creation",
 "chart_name": "Lesson Completion",
 "chart_type": "Count",
 "color": "#4463F0",
 "creation": "2022-11-09 16:52:19.021695",
 "custom_options": "{\"type\": \"line\", \"axisOptions\": {\"xIsSeries\": 1}, \"lineOptions\": {\"regionFill\": 1}}",
 "docstatus": 0,
 "doctype": "Dashboard Chart",
 "document_type": "LMS Course Progress",
 "dynamic_filters_json": "[]",
 "filters_json": "[]",
 "group_by_type": "Count",
 "idx": 0,
 "is_public": 1,
 "is_standard": 1,
 "modified": "2022-11-09 16:52:52.241756",
 "modified_by": "Administrator",
 "module": "LMS",
 "name": "Lesson Completion",
 "number_of_groups": 0,
 "owner": "Administrator",
 "parent_document_type": "",
 "roles": [],
 "source": "",
 "time_interval": "Daily",
 "timeseries": 1,
 "timespan": "Last Month",
 "type": "Line",
 "use_report_chart": 0,
 "value_based_on": "",
 "y_axis": []
}