{
 "actions": [],
 "autoname": "autoincrement",
 "creation": "2022-03-29 11:09:47.726629",
 "doctype": "DocType",
 "editable_grid": 1,
 "engine": "InnoDB",
 "field_order": [
  "day",
  "start_time",
  "end_time"
 ],
 "fields": [
  {
   "fieldname": "day",
   "fieldtype": "Select",
   "in_list_view": 1,
   "label": "Day",
   "options": "Sunday\nMonday\nTuesday\nWednesday\nThursday\nFriday\nSaturday",
   "reqd": 1
  },
  {
   "fieldname": "start_time",
   "fieldtype": "Time",
   "in_list_view": 1,
   "label": "Start Time",
   "reqd": 1
  },
  {
   "fieldname": "end_time",
   "fieldtype": "Time",
   "in_list_view": 1,
   "label": "End Time",
   "reqd": 1
  }
 ],
 "index_web_pages_for_search": 1,
 "istable": 1,
 "links": [],
 "modified": "2022-03-29 12:58:22.229033",
 "modified_by": "Administrator",
 "module": "LMS",
 "name": "Evaluator Schedule",
 "naming_rule": "Autoincrement",
 "owner": "Administrator",
 "permissions": [],
 "sort_field": "modified",
 "sort_order": "DESC",
 "states": []
}